<?xml version="1.0" encoding="UTF-8"?>
<!DOCTYPE hibernate-configuration PUBLIC "-//Hibernate/Hibernate Configuration DTD 3.0//EN" "http://hibernate.sourceforge.net/hibernate-configuration-3.0.dtd">
<hibernate-configuration>
  <session-factory>
    <property name ="hibernate.dialect">org.hibernate.dialect.MySQLDialect</property>
    <property name ="hibernate.connection.driver_class">com.mysql.jdbc.Driver</property>
    <property name="hibernate.connection.url">jdbc:mysql://localhost:3306/project</property>
    <property name="hibernate.connection.username">root</property>
    <property name="hibernate.connection.password">sushma123</property>
    <property name="show_sql">true</property>
    <property name="hbm2ddl.auto">create</property>
	<mapping class="com.rest.dto.Student"/>
    <mapping class="com.rest.dto.Tutor"/>
    <mapping class="com.rest.dto.Course"/>
    <mapping class="com.rest.dto.TutorsAssigned"/>
    <mapping class="com.rest.dto.StudentRegistrations"/>
  </session-factory>
</hibernate-configuration>